{"activities":[{"activityId":"dda4f31c-7ce8-bdf6-4a46-57b43126a820","parentActivityId":"00000000-0000-0000-0000-000000000000","deviceId":"dds:92396a68-b166-569d-ac08-47efaf244ee2","platformDeviceId":"Ft0ZkDDgIrXJCTanurrg1dNDMpmJ/8PwfiZvgY5eQuc=","lastModified":"2021-06-02T07:24:56.304Z","lastModifiedOnClient":"2021-06-02T07:24:46.000Z","createdInCloud":"2021-06-02T07:24:56.304Z","appId":{"afs_crossplatform":"1804038846372799878","alternateId":"","packageId":"Microsoft.InternetExplorer.Default","windows_win32":"Microsoft.InternetExplorer.Default"},"applicationId":[{"platform":"afs_crossplatform","application":"1804038846372799878"},{"platform":"windows_win32","application":"Microsoft.InternetExplorer.Default"},{"platform":"packageId","application":"Microsoft.InternetExplorer.Default"},{"platform":"alternateId","application":""}],"type":6,"status":0,"priority":1,"expiration":"2021-07-02T07:24:56.304Z","payload":"eyJ0eXBlIjoiVXNlckVuZ2FnZWQiLCJyZXBvcnRpbmdBcHAiOiJTaGVsbEFjdGl2aXR5TW9uaXRvciIsInNoZWxsQ29udGVudERlc2NyaXB0aW9uIjp7Ik1lcmdlZEdhcCI6NjAwfSwidXNlclRpbWV6b25lIjoiQXNpYS9Lb2xrYXRhIn0=","jsonPayload":null,"remoteId":null,"tags":null,"assets":null,"appActivityId":"ie.http:https://petstore.octoperf.com/actions/Catalog.action?viewCategory=&categoryId=BIRDS","startTime":"2021-06-02T07:24:46.000Z","endTime":"2021-06-02T07:24:46.000Z","isAppActivity":false}],"__metadata":{"totalCount":1,"forwardLink":null,"backwardLink":null,"initialETag":"a17ef700-c373-11eb-9117-01020305070d"}}